{
  "name": "Uniswap V2 Unsupported List",
  "timestamp": "2021-05-04T20:47:02.923Z",
  "version": {
    "major": 1,
    "minor": 0,
    "patch": 0
  },
  "tags": {},
  "logoURI": "ipfs://QmNa8mQkrNKp1WEEeGjFezDmDeodkWRevGFN8JCV7b4Xir",
  "keywords": ["kishuswap"],
  "tokens": [
    {
      "name": "Kishu Inu",
      "address": "0xa2b4c0af19cc16a6cfacce81f192b024d625817d",
      "symbol": "KISHU",
      "decimals": 9,
      "chainId": 1,
      "logoURI": "https://raw.githubusercontent.com/trustwallet/assets/master/blockchains/ethereum/assets/0xA2b4C0Af19cC16a6CfAcCe81F192B024d625817D/logo.png"
    }
  ]
}
